{"pivots":{"undefined":[0,0,0,0],"030F7E2F-D29D-44E7-AAED-705D6254878B":[0,0,40,0],"3025A92D-FE74-4F69-BB7A-4419442EC252":[-48,31,20,0],"46E8AA70-AFDA-4B8C-AAFE-66A9CFE28D42":[-0.299999999999993,-2.7755575615628914e-17,39,0],"B78C4E06-B313-4BC3-B0E6-6A9D6F5731E6":[45,-53,42,0],"EBDBDBAC-1051-45A7-A6C1-6198C5E982DC":[-45,-51,42,0]}}